{
  "staffs": [
    ""
    
    
    
    
    
  
  ],
  "erkekRolleri": [
    "",""
  ],
  "kizRolleri": [
    "",""
  ],

  "teyitciRolleri": [
    ""
  ],
  "ekipRolu": [
    ""
  ],
  "sahipRolu": [
    ""
  ],
  "unregRoles": [
    ""
  ],
  "boosterRolu": "",
    
  
  
  
  "tag": "",
  "ikinciTag": "•",
  
  "fakeAccRole": [
    ""
  ],
  

  "Yetkili": true,
"owner":"",
  "chatChannel": "",
  "teyitKanali": "",
  "ekipLogChannel": "",
  "invLogChannel": "",
  "botses": "",
  "kurallar": "",
  "vipRole": "",
  "komutLog" : "" 
  
  
  
  
  
  
}
